Workbook
Name ci_alpha: #REF!
Name conf_level: #REF!
Name n_iter: #REF!
Name year_mon: #REF!
Name year_ref: #REF!

Sheet Instructions
A1: This workbook acts as a template for {mocaredd} the Monte Carlo simulations tool for REDD+ uncertainty analysis
A3: Users can build as many tabs as desired but need the 4 building blocks to process a REDD+ carbon accouting and the asosciated incertainty:
A4: user_inputs: describes a few parameters to allow the tool to handle as many configurations as possible. time_periods: describes the diiferent time periods used for building the reference period and the monitoring period(s). AD_lu_transitions: describes the areas of land use/land cover change that generate emissions and or removals. c_stocks: describes the carbon elements necessary to build emission and removal factors associated with the land use transitions
A6: Core interactions
A7: 1. The land use IDs entered in the tab "AD_lu_transitions" (lu_initial_id" and "lu_final_id") must be the same as the land use IDs described in "c_stocks" to match activity data and emission factors 2. Carbon pools AGB and BGB (if not expressed as a root-to-shoot ratio) are either reported as tons of dry matter (DM) or of carbon. If dry matter, a carbon fraction must be entered in "user_inputs" with, if possible, a standard error so that random simulations with be generated for the caron fraction. 3. Degraded land uses must be coded with the same ID as their intact equivalent with a consistent extension (for ex. "ev_deg" is the degraded land use of "ev") and the extension should be noted in the field "dg_ext"of the tab "user_inputs".
A9: How is the data used by {mocaredd}
A10: Upon uploading the data, the app runs 4 processes: (1) check the data to ensure it allows to construct emission factors matching the activity data and generate emission reductions, (2) build the carbon accounting calculations with arithmetic means to give a first idea of the volume of emission reductions, (3) run monte carlo simulations and provide simulation-based emission reductions for the monitoring period(s) desired with their aggregated uncertainty level and (4) turn off the variability of part of the input data to determine their contribution to the overall uncertainty (sensitivity analysis).
A12: Note
A13: For the sake of comparability, all calculations related to emission factors are rounded to 5 digits and all calculations related to activity data and emissions

Sheet user_input_details
A1: input_name | B1: input_description
A2: trunc_pdf | B2: Use truncated distributions to avoid negative values were illogical (TRUE or FALSE)
A3: n_iter | B3: How many simulations (Default 10,000)
A4: ran_seed | B4: Use a seed to reproduce random simulations (recommend setting to NULL the first time)
A5: c_unit | B5: What is the unit of AGB and BGB if included (DM for dry matter or C for carbon)
A6: c_fraction | B6: Carbon fraction value, mandatory if c_unit is "DM"
A7: c_fraction_se | B7: Carbon fraction standard error, mandatory if c_unit is "DM"
A8: c_fraction_pdf | B8: Carbon fraction PDF, mandatory if c_unit is "DM"
A9: dg_ext | B9: extension for degradation land use (ex. "_deg") for the code to identify degradaed LU and their corresponding intact class
A10: dg_pool | B10: If degradation is a ratio of intact forest Cstock, list of pools separated by coma. Any combination of AGB, BGB, DW, LI, SOC or NA if not applicable. Note: the pools not listed in dg_pool will be excluded when calculating the initial vs final Cstocks
A11: ad_annual | B11: Is AD reported in ha/year or in ha (TRUE or FALSE resp.)
A12: conf_level | B12: Confidence level (1 - alpha) between 0 and 1

Sheet setup
A1: n_iter | B1: c_unit | C1: dg_ext | D1: dg_pool | E1: ad_annual | F1: conf_level | G1: digits | H1: ran_seed | I1: trunc_pdf
A2: 10000 | B2: DM | C2: "_deg" | D2: ALL | E2: FALSE | F2: 0.9 | G2: 5 | H2: 3980 | I2: FALSE

Sheet time
A1: period_no | B1: year_start | C1: year_end | D1: period_type
A2: T1 | B2: 2017 | C2: 2017 | D2: REF
A3: T2 | B3: 2018 | C3: 2018 | D3: REF
A4: T3 | B4: 2019 | C4: 2019 | D4: REF
A5: T4 | B5: 2020 | C5: 2020 | D5: REF
A6: T5 | B6: 2021 | C6: 2021 | D6: REF
A7: T6 | B7: 2022 | C7: 2022 | D7: NA
A8: T7 | B8: 2023 | C8: 2023 | D8: MON2
A9: T8 | B9: 2024 | C9: 2024 | D9: MON2

Sheet area
A1: trans_no | B1: trans_period | C1: lu_initial | D1: lu_final | E1: trans_area | F1: trans_se | G1: trans_pdf | H1: trans_pdf_a | I1: trans_pdf_b | J1: trans_pdf_c | K1: redd_activity | L1: lu_init_label | M1: lu_final_label
A2: 1 | B2: T1 | C2: THF | D2: FPc | E2: 1109.0411 | F2: 1109.0371 | G2: normal | K2: DG | L2: =VLOOKUP(C2,'LU CLASS'!$B$2:$E$25,4,FALSE) -> 10-Tropical High Forest | M2: =VLOOKUP(D2,'LU CLASS'!$B$2:$E$25,4,FALSE) -> 51-Plantations commercial
A3: 2 | B3: T1 | C3: THF | D3: CP_a | E3: 3327.1233 | F3: 1919.6117 | G3: normal | K3: DF | L3: =VLOOKUP(C3,'LU CLASS'!$B$2:$E$25,4,FALSE) -> 10-Tropical High Forest | M3: =VLOOKUP(D3,'LU CLASS'!$B$2:$E$25,4,FALSE) -> 72-Cropland_annual
A4: 3 | B4: T1 | C4: THF | D4: GL | E4: 2218.0822 | F4: 1567.8885 | G4: normal | K4: DF | L4: =VLOOKUP(C4,'LU CLASS'!$B$2:$E$25,4,FALSE) -> 10-Tropical High Forest | M4: =VLOOKUP(D4,'LU CLASS'!$B$2:$E$25,4,FALSE) -> 80-Grassland
A5: 4 | B5: T1 | C5: WD | D5: CP_a | E5: 13699.849 | F5: 4809.5039 | G5: normal | K5: DF | L5: =VLOOKUP(C5,'LU CLASS'!$B$2:$E$25,4,FALSE) -> 30-Woodlands | M5: =VLOOKUP(D5,'LU CLASS'!$B$2:$E$25,4,FALSE) -> 72-Cropland_annual
A6: 5 | B6: T1 | C6: WD | D6: GL | E6: 17528.695 | F6: 6274.0777 | G6: normal | K6: DF | L6: =VLOOKUP(C6,'LU CLASS'!$B$2:$E$25,4,FALSE) -> 30-Woodlands | M6: =VLOOKUP(D6,'LU CLASS'!$B$2:$E$25,4,FALSE) -> 80-Grassland
A7: 6 | B7: T1 | C7: WD_fire | D7: WD_fire_deg | E7: 2572.3858 | F7: 2572.3764 | G7: normal | K7: DG | L7: =VLOOKUP(C7,'LU CLASS'!$B$2:$E$25,4,FALSE) -> 31-Woodlands | M7: =VLOOKUP(D7,'LU CLASS'!$B$2:$E$25,4,FALSE) -> 41-Woodlands_Degraded_by_fire
A8: 7 | B8: T1 | C8: WD_other | D8: WD_other_deg | E8: 2572.3858 | F8: 2572.3764 | G8: normal | K8: DG | L8: =VLOOKUP(C8,'LU CLASS'!$B$2:$E$25,4,FALSE) -> 34-Woodlands | M8: =VLOOKUP(D8,'LU CLASS'!$B$2:$E$25,4,FALSE) -> 44-Woodlands_Degraded_by_other
A9: 8 | B9: T2 | C9: THF | D9: CP_p | E9: 1847.9485 | F9: 1847.9418 | G9: normal | K9: DF | L9: =VLOOKUP(C9,'LU CLASS'!$B$2:$E$25,4,FALSE) -> 10-Tropical High Forest | M9: =VLOOKUP(D9,'LU CLASS'!$B$2:$E$25,4,FALSE) -> 71-Cropland_perennial
A10: 9 | B10: T2 | C10: THF | D10: CP_a | E10: 2218.0822 | F10: 1567.8885 | G10: normal | K10: DF | L10: =VLOOKUP(C10,'LU CLASS'!$B$2:$E$25,4,FALSE) -> 10-Tropical High Forest | M10: =VLOOKUP(D10,'LU CLASS'!$B$2:$E$25,4,FALSE) -> 72-Cropland_annual
A11: 10 | B11: T2 | C11: THF | D11: GL | E11: 2218.0822 | F11: 1567.8885 | G11: normal | K11: DF | L11: =VLOOKUP(C11,'LU CLASS'!$B$2:$E$25,4,FALSE) -> 10-Tropical High Forest | M11: =VLOOKUP(D11,'LU CLASS'!$B$2:$E$25,4,FALSE) -> 80-Grassland
A12: 11 | B12: T2 | C12: THF_log | D12: THF_log_deg | E12: 3327.1233 | F12: 1919.6117 | G12: normal | K12: DG | L12: =VLOOKUP(C12,'LU CLASS'!$B$2:$E$25,4,FALSE) -> 12-Tropical High Forest | M12: =VLOOKUP(D12,'LU CLASS'!$B$2:$E$25,4,FALSE) -> 22-Tropical High Forest Degraded by logging
A13: 12 | B13: T2 | C13: WD | D13: CP_p | E13: 2218.0822 | F13: 1567.8885 | G13: normal | K13: DF | L13: =VLOOKUP(C13,'LU CLASS'!$B$2:$E$25,4,FALSE) -> 30-Woodlands | M13: =VLOOKUP(D13,'LU CLASS'!$B$2:$E$25,4,FALSE) -> 71-Cropland_perennial
... A74: 73 | B74: T8 | C74: FPnc | D74: CP_p | E74: 3406 | F74: 2363.0683 | G74: normal | K74: DF | L74: =VLOOKUP(C74,'LU CLASS'!$B$2:$E$25,4,FALSE) -> 52-Plantations non commercial | M74: =VLOOKUP(D74,'LU CLASS'!$B$2:$E$25,4,FALSE) -> 71-Cropland_perennial

Sheet carbon
A1: c_no | B1: c_period | C1: c_lu | D1: c_element | E1: c_unit | F1: c_value | G1: c_se | H1: c_pdf | I1: c_pdf_a | J1: c_pdf_b | K1: c_pdf_c | L1: c_lu_label
A2: 1 | B2: ALL | C2: THF | D2: AGB | E2: DM | F2: 231.7 | G2: 2.787 | H2: normal | L2: =VLOOKUP(C2,'LU CLASS'!$B$2:$E$26,4,FALSE) -> 10-Tropical High Forest
A3: 2 | B3: ALL | C3: THF_otha | D3: AGB | E3: DM | F3: 231.7 | G3: 2.787 | H3: normal | L3: =VLOOKUP(C3,'LU CLASS'!$B$2:$E$26,4,FALSE) -> 11-Tropical High Forest
A4: 3 | B4: ALL | C4: THF_log | D4: AGB | E4: DM | F4: 231.7 | G4: 2.787 | H4: normal | L4: =VLOOKUP(C4,'LU CLASS'!$B$2:$E$26,4,FALSE) -> 12-Tropical High Forest
A5: 4 | B5: ALL | C5: WD | D5: AGB | E5: DM | F5: 17.8 | G5: 1.0078 | H5: normal | L5: =VLOOKUP(C5,'LU CLASS'!$B$2:$E$26,4,FALSE) -> 30-Woodlands
A6: 5 | B6: ALL | C6: WD_fire | D6: AGB | E6: DM | F6: 17.8 | G6: 1.0078 | H6: normal | L6: =VLOOKUP(C6,'LU CLASS'!$B$2:$E$26,4,FALSE) -> 31-Woodlands
A7: 6 | B7: ALL | C7: WD_log | D7: AGB | E7: DM | F7: 17.8 | G7: 1.0078 | H7: normal | L7: =VLOOKUP(C7,'LU CLASS'!$B$2:$E$26,4,FALSE) -> 32-Woodlands
A8: 7 | B8: ALL | C8: WD_charc | D8: AGB | E8: DM | F8: 17.8 | G8: 1.0078 | H8: normal | L8: =VLOOKUP(C8,'LU CLASS'!$B$2:$E$26,4,FALSE) -> 33-Woodlands
A9: 8 | B9: ALL | C9: WD_other | D9: AGB | E9: DM | F9: 17.8 | G9: 1.0078 | H9: normal | L9: =VLOOKUP(C9,'LU CLASS'!$B$2:$E$26,4,FALSE) -> 34-Woodlands
A10: 9 | B10: ALL | C10: FPc | D10: AGB | E10: DM | F10: 98.3 | G10: 7.91 | H10: normal | L10: =VLOOKUP(C10,'LU CLASS'!$B$2:$E$26,4,FALSE) -> 51-Plantations commercial
A11: 10 | B11: ALL | C11: FPnc | D11: AGB | E11: DM | F11: 98.3 | G11: 7.91 | H11: normal | L11: =VLOOKUP(C11,'LU CLASS'!$B$2:$E$26,4,FALSE) -> 52-Plantations non commercial
A12: 11 | B12: ALL | C12: CP_p | D12: AGB | E12: DM | F12: 5.9 | G12: 1.144 | H12: normal | L12: =VLOOKUP(C12,'LU CLASS'!$B$2:$E$26,4,FALSE) -> 71-Cropland_perennial
A13: 12 | B13: ALL | C13: CP_a | D13: AGB | E13: DM | F13: 8.12 | G13: 3.83 | H13: normal | L13: =VLOOKUP(C13,'LU CLASS'!$B$2:$E$26,4,FALSE) -> 72-Cropland_annual
... A15: 14 | B15: ALL | C15: Set | D15: ALL | E15: C | F15: 0 | G15: 0 | H15: normal | L15: =VLOOKUP(C15,'LU CLASS'!$B$2:$E$26,4,FALSE) -> 90-Settlement
B16: ALL | C16: ALL | D16: CF | E16: NA | F16: 0.47 | G16: 0.013 | H16: normal | L16: =VLOOKUP(C16,'LU CLASS'!$B$2:$E$26,4,FALSE) -> 99-ALL
A17: 32 | B17: ALL | C17: THF_otha_deg | D17: DG_ratio | E17: NA | F17: =1-0.204 -> 0.796 | G17: 0.128 | H17: beta | I17: =ROUND((F17*(1-F17)/(G17*G17)-1)*F17,2) -> 7.09 | J17: =ROUND((F17*(1-F17)/(G17*G17)-1)*(1-F17),2) -> 1.82 | L17: =VLOOKUP(C17,'LU CLASS'!$B$2:$E$26,4,FALSE) -> 21-Tropical High Forest Degraded by other
A18: 33 | B18: ALL | C18: THF_log_deg | D18: DG_ratio | E18: NA | F18: =1-0.108 -> 0.892 | G18: 0.087 | H18: beta | I18: =ROUND((F18*(1-F18)/(G18*G18)-1)*F18,2) -> 10.46 | J18: =ROUND((F18*(1-F18)/(G18*G18)-1)*(1-F18),2) -> 1.27 | L18: =VLOOKUP(C18,'LU CLASS'!$B$2:$E$26,4,FALSE) -> 22-Tropical High Forest Degraded by logging
A19: 28 | B19: ALL | C19: WD_fire_deg | D19: DG_ratio | E19: NA | F19: =1-0.297 -> 0.703 | G19: 0.137 | H19: beta | I19: =ROUND((F19*(1-F19)/(G19*G19)-1)*F19,2) -> 7.12 | J19: =ROUND((F19*(1-F19)/(G19*G19)-1)*(1-F19),2) -> 3.01 | L19: =VLOOKUP(C19,'LU CLASS'!$B$2:$E$26,4,FALSE) -> 41-Woodlands_Degraded_by_fire
A20: 29 | B20: ALL | C20: WD_log_deg | D20: DG_ratio | E20: NA | F20: =1-0.108 -> 0.892 | G20: 0.087 | H20: beta | I20: =ROUND((F20*(1-F20)/(G20*G20)-1)*F20,2) -> 10.46 | J20: =ROUND((F20*(1-F20)/(G20*G20)-1)*(1-F20),2) -> 1.27 | L20: =VLOOKUP(C20,'LU CLASS'!$B$2:$E$26,4,FALSE) -> 42-Woodlands_Degraded_by_logging
A21: 30 | B21: ALL | C21: WD_charc_deg | D21: DG_ratio | E21: NA | F21: =1-0.108 -> 0.892 | G21: 0.087 | H21: beta | I21: =ROUND((F21*(1-F21)/(G21*G21)-1)*F21,2) -> 10.46 | J21: =ROUND((F21*(1-F21)/(G21*G21)-1)*(1-F21),2) -> 1.27 | L21: =VLOOKUP(C21,'LU CLASS'!$B$2:$E$26,4,FALSE) -> 43-Woodlands_Degraded_by_charcoal
A22: 31 | B22: ALL | C22: WD_other_deg | D22: DG_ratio | E22: NA | F22: =1-0.204 -> 0.796 | G22: 0.128 | H22: beta | I22: =ROUND((F22*(1-F22)/(G22*G22)-1)*F22,2) -> 7.09 | J22: =ROUND((F22*(1-F22)/(G22*G22)-1)*(1-F22),2) -> 1.82 | L22: =VLOOKUP(C22,'LU CLASS'!$B$2:$E$26,4,FALSE) -> 44-Woodlands_Degraded_by_other
A23: 15 | B23: ALL | C23: THF | D23: RS | E23: NA | F23: 0.232 | G23: 0.107 | H23: normal | L23: =VLOOKUP(C23,'LU CLASS'!$B$2:$E$26,4,FALSE) -> 10-Tropical High Forest
A24: 16 | B24: ALL | C24: THF_otha | D24: RS | E24: NA | F24: 0.232 | G24: 0.107 | H24: normal | L24: =VLOOKUP(C24,'LU CLASS'!$B$2:$E$26,4,FALSE) -> 11-Tropical High Forest
A25: 17 | B25: ALL | C25: THF_log | D25: RS | E25: NA | F25: 0.232 | G25: 0.107 | H25: normal | L25: =VLOOKUP(C25,'LU CLASS'!$B$2:$E$26,4,FALSE) -> 12-Tropical High Forest
A26: 18 | B26: ALL | C26: WD | D26: RS | E26: NA | F26: 0.332 | G26: 0.247 | H26: normal | L26: =VLOOKUP(C26,'LU CLASS'!$B$2:$E$26,4,FALSE) -> 30-Woodlands
A27: 19 | B27: ALL | C27: WD_fire | D27: RS | E27: NA | F27: 0.332 | G27: 0.247 | H27: normal | L27: =VLOOKUP(C27,'LU CLASS'!$B$2:$E$26,4,FALSE) -> 31-Woodlands
A28: 20 | B28: ALL | C28: WD_log | D28: RS | E28: NA | F28: 0.332 | G28: 0.247 | H28: normal | L28: =VLOOKUP(C28,'LU CLASS'!$B$2:$E$26,4,FALSE) -> 32-Woodlands
A29: 21 | B29: ALL | C29: WD_charc | D29: RS | E29: NA | F29: 0.332 | G29: 0.247 | H29: normal | L29: =VLOOKUP(C29,'LU CLASS'!$B$2:$E$26,4,FALSE) -> 33-Woodlands
A30: 22 | B30: ALL | C30: WD_other | D30: RS | E30: NA | F30: 0.332 | G30: 0.247 | H30: normal | L30: =VLOOKUP(C30,'LU CLASS'!$B$2:$E$26,4,FALSE) -> 34-Woodlands
A31: 23 | B31: ALL | C31: FPc | D31: RS | E31: NA | F31: 0.232 | G31: 0.107 | H31: normal | L31: =VLOOKUP(C31,'LU CLASS'!$B$2:$E$26,4,FALSE) -> 51-Plantations commercial
A32: 24 | B32: ALL | C32: FPnc | D32: RS | E32: NA | F32: 0.232 | G32: 0.107 | H32: normal | L32: =VLOOKUP(C32,'LU CLASS'!$B$2:$E$26,4,FALSE) -> 52-Plantations non commercial
A33: 25 | B33: ALL | C33: CP_p | D33: RS | E33: NA | F33: 0.232 | G33: 0.107 | H33: normal | L33: =VLOOKUP(C33,'LU CLASS'!$B$2:$E$26,4,FALSE) -> 71-Cropland_perennial
A34: 26 | B34: ALL | C34: CP_a | D34: RS | E34: NA | F34: 0.232 | G34: 0.107 | H34: normal | L34: =VLOOKUP(C34,'LU CLASS'!$B$2:$E$26,4,FALSE) -> 72-Cropland_annual
A35: 27 | B35: ALL | C35: GL | D35: RS | E35: NA | F35: 0.332 | G35: 0.247 | H35: normal | L35: =VLOOKUP(C35,'LU CLASS'!$B$2:$E$26,4,FALSE) -> 80-Grassland

Sheet LU CLASS
A1: Num | B1: Code | C1: Label | D1: NumCode | E1: NumLabel
A2: 10 | B2: THF | C2: Tropical High Forest | D2: =A2&"-"&B2 -> 10-THF | E2: =A2&"-"&C2 -> 10-Tropical High Forest
A3: 11 | B3: THF_otha | C3: Tropical High Forest | D3: =A3&"-"&B3 -> 11-THF_otha | E3: =A3&"-"&C3 -> 11-Tropical High Forest
A4: 12 | B4: THF_log | C4: Tropical High Forest | D4: =A4&"-"&B4 -> 12-THF_log | E4: =A4&"-"&C4 -> 12-Tropical High Forest
A5: 20 | B5: THF_deg | C5: Tropical High Forest Degraded | D5: =A5&"-"&B5 -> 20-THF_deg | E5: =A5&"-"&C5 -> 20-Tropical High Forest Degraded
A6: 21 | B6: THF_otha_deg | C6: Tropical High Forest Degraded by other | D6: =A6&"-"&B6 -> 21-THF_otha_deg | E6: =A6&"-"&C6 -> 21-Tropical High Forest Degraded by other
A7: 22 | B7: THF_log_deg | C7: Tropical High Forest Degraded by logging | D7: =A7&"-"&B7 -> 22-THF_log_deg | E7: =A7&"-"&C7 -> 22-Tropical High Forest Degraded by logging
A8: 30 | B8: WD | C8: Woodlands | D8: =A8&"-"&B8 -> 30-WD | E8: =A8&"-"&C8 -> 30-Woodlands
A9: 31 | B9: WD_fire | C9: Woodlands | D9: =A9&"-"&B9 -> 31-WD_fire | E9: =A9&"-"&C9 -> 31-Woodlands
A10: 32 | B10: WD_log | C10: Woodlands | D10: =A10&"-"&B10 -> 32-WD_log | E10: =A10&"-"&C10 -> 32-Woodlands
A11: 33 | B11: WD_charc | C11: Woodlands | D11: =A11&"-"&B11 -> 33-WD_charc | E11: =A11&"-"&C11 -> 33-Woodlands
A12: 34 | B12: WD_other | C12: Woodlands | D12: =A12&"-"&B12 -> 34-WD_other | E12: =A12&"-"&C12 -> 34-Woodlands
A13: 40 | B13: WD_deg | C13: Woodlands_Degraded | D13: =A13&"-"&B13 -> 40-WD_deg | E13: =A13&"-"&C13 -> 40-Woodlands_Degraded
... A26: 99 | B26: ALL | C26: ALL | D26: =A26&"-"&B26 -> 99-ALL | E26: =A26&"-"&C26 -> 99-ALL
